Model Class,Average MAE,Average RMSE,Average R2
Lasso Regression Poor Mental Health Days,1.3183312181344409,1.7244874304888362,0.7369173698758289
Lasso Regression Suicides,15.353854584645774,21.36368913089806,0.3239398883681153
Ridge Regression Poor Mental Health Days,1.20743203600751,1.614182742592578,1.0164630101666872
Ridge Regression Suicides,12.60185178400189,17.194265136613872,1.2608976449459008
