Model Class,Average MAE,Average RMSE,Average R2
Lasso Regression Poor Mental Health Days,0.4394437393781469,0.5748291434962788,0.2456391232919429
Lasso Regression Suicides,5.117951528215258,7.121229710299354,0.1079799627893717
Ridge Regression Poor Mental Health Days,0.4024773453358365,0.538060914197526,0.3388210033888957
Ridge Regression Suicides,4.200617261333964,5.731421712204624,0.42029921498196693
